{
  "project_info": {
    "project_number": "175633509093",
    "firebase_url": "https://groupscheduler-be1f8.firebaseio.com",
    "project_id": "groupscheduler-be1f8",
    "storage_bucket": "groupscheduler-be1f8.appspot.com"
  },
  "client": [
    {
      "client_info": {
        "mobilesdk_app_id": "1:175633509093:android:a5278eeb61b538c1",
        "android_client_info": {
          "package_name": "com.groupscheduler.www"
        }
      },
      "oauth_client": [
        {
          "client_id": "175633509093-802n12ttiqqefqoj1268rsjpbvunm27k.apps.googleusercontent.com",
          "client_type": 3
        }
      ],
      "api_key": [
        {
          "current_key": "AIzaSyBhhqRJELYykkx3AGaXnboyfWjDaKAKoYc"
        }
      ],
      "services": {
        "analytics_service": {
          "status": 1
        },
        "appinvite_service": {
          "status": 1,
          "other_platform_oauth_client": []
        },
        "ads_service": {
          "status": 2
        }
      }
    }
  ],
  "configuration_version": "1"
}